{
  "fid_scores": [
    {
      "epoch": 2000,
      "fid": 2017.118757083092
    },
    {
      "epoch": 4000,
      "fid": 234.86024595431735
    },
    {
      "epoch": 6000,
      "fid": 1144.241186548234
    },
    {
      "epoch": 8000,
      "fid": 250.85700230518057
    }
  ]
}