{
  "fid_scores": [
    {
      "epoch": 2000,
      "fid": 714.3074745267464
    },
    {
      "epoch": 4000,
      "fid": 6193.7068248881105
    }
  ]
}